{"cameraMode":{"drawMode":0,"name":"Shaded","section":"Shading Mode"},"sceneLighting":false,"audioPlay":false,"sceneViewState":{"m_AlwaysRefresh":false,"showFog":true,"showSkybox":false,"showFlares":true,"showImageEffects":true,"showParticleSystems":true,"showVisualEffectGraphs":true,"m_FxEnabled":true},"in2DMode":false,"pivot":{"x":-0.38817858695983889,"y":1.4898087978363038,"z":0.02226349711418152},"rotation":{"x":-0.17159509658813477,"y":-0.22766074538230897,"z":0.040828313678503039,"w":-0.9576514959335327},"size":1.9924849271774293,"orthographic":false}