{"cameraMode":{"drawMode":0,"name":"Shaded","section":"Shading Mode"},"sceneLighting":true,"audioPlay":false,"sceneViewState":{"m_AlwaysRefresh":false,"showFog":true,"showSkybox":true,"showFlares":true,"showImageEffects":true,"showParticleSystems":true,"showVisualEffectGraphs":true,"m_FxEnabled":true},"in2DMode":false,"pivot":{"x":-9.910463333129883,"y":24.800281524658204,"z":112.17160034179688},"rotation":{"x":0.2533922493457794,"y":0.06667986512184143,"z":-0.01751015894114971,"w":0.9649056196212769},"size":6.1181464195251469,"orthographic":false}