{"cameraMode":{"drawMode":0,"name":"Shaded","section":"Shading Mode"},"sceneLighting":true,"audioPlay":false,"sceneViewState":{"m_AlwaysRefresh":false,"showFog":true,"showSkybox":true,"showFlares":true,"showImageEffects":true,"showParticleSystems":true,"showVisualEffectGraphs":true,"m_FxEnabled":true},"in2DMode":false,"pivot":{"x":-17.826120376586915,"y":-23.344470977783204,"z":73.70571899414063},"rotation":{"x":-0.6073009967803955,"y":-0.01620432175695896,"z":0.012394394725561142,"w":-0.7942239046096802},"size":48.72576904296875,"orthographic":false}