{"cameraMode":{"drawMode":0,"name":"Shaded","section":"Shading Mode"},"sceneLighting":false,"audioPlay":false,"sceneViewState":{"m_AlwaysRefresh":false,"showFog":true,"showSkybox":false,"showFlares":true,"showImageEffects":true,"showParticleSystems":true,"showVisualEffectGraphs":true,"m_FxEnabled":true},"in2DMode":false,"pivot":{"x":0.026197880506515504,"y":0.7622255682945252,"z":-0.05877241492271423},"rotation":{"x":-0.17159509658813477,"y":-0.22766074538230897,"z":0.040828313678503039,"w":-0.9576514959335327},"size":1.3156172037124634,"orthographic":false}