{"cameraMode":{"drawMode":0,"name":"Shaded","section":"Shading Mode"},"sceneLighting":false,"audioPlay":false,"sceneViewState":{"m_AlwaysRefresh":false,"showFog":true,"showSkybox":false,"showFlares":true,"showImageEffects":true,"showParticleSystems":true,"showVisualEffectGraphs":true,"m_FxEnabled":true},"in2DMode":false,"pivot":{"x":-10.006887435913086,"y":21.215755462646486,"z":119.96237182617188},"rotation":{"x":-0.6073009967803955,"y":-0.01620432175695896,"z":0.012394394725561142,"w":-0.7942239046096802},"size":2.9609508514404299,"orthographic":false}