{"cameraMode":{"drawMode":0,"name":"Shaded","section":"Shading Mode"},"sceneLighting":false,"audioPlay":false,"sceneViewState":{"m_AlwaysRefresh":false,"showFog":true,"showSkybox":false,"showFlares":true,"showImageEffects":true,"showParticleSystems":true,"showVisualEffectGraphs":true,"m_FxEnabled":true},"in2DMode":false,"pivot":{"x":-0.3451014757156372,"y":0.9578152894973755,"z":3.059951066970825},"rotation":{"x":-0.02130555734038353,"y":0.9783996939659119,"z":-0.15719960629940034,"w":-0.13259199261665345},"size":0.7613842487335205,"orthographic":false}