{"cameraMode":{"drawMode":0,"name":"Shaded","section":"Shading Mode"},"sceneLighting":false,"audioPlay":false,"sceneViewState":{"m_AlwaysRefresh":false,"showFog":true,"showSkybox":false,"showFlares":true,"showImageEffects":true,"showParticleSystems":true,"showVisualEffectGraphs":true,"m_FxEnabled":true},"in2DMode":false,"pivot":{"x":-10.295324325561524,"y":23.908658981323243,"z":106.81598663330078},"rotation":{"x":-0.06025470048189163,"y":-0.024854645133018495,"z":0.0015024064341560007,"w":-0.997884213924408},"size":1.3677730560302735,"orthographic":false}